{"cameraMode":{"drawMode":0,"name":"Shaded","section":"Shading Mode"},"sceneLighting":false,"audioPlay":false,"sceneViewState":{"showFog":true,"showMaterialUpdate":false,"showSkybox":true,"showFlares":true,"showImageEffects":true,"showParticleSystems":true},"in2DMode":false,"pivot":{"x":-45.50294876098633,"y":-6.608850002288818,"z":119.27000427246094},"rotation":{"x":0.07853364199399948,"y":-0.9144010543823242,"z":0.2147635966539383,"w":0.33403581380844118},"size":11.973587989807129,"orthographic":false}