{"cameraMode":{"drawMode":0,"name":"Shaded","section":"Shading Mode"},"sceneLighting":false,"audioPlay":false,"sceneViewState":{"showFog":true,"showMaterialUpdate":false,"showSkybox":true,"showFlares":true,"showImageEffects":true,"showParticleSystems":true},"in2DMode":false,"pivot":{"x":-37.862552642822269,"y":-11.768657684326172,"z":132.55519104003907},"rotation":{"x":-0.0005446769646368921,"y":-0.9787723422050476,"z":0.20493271946907044,"w":-0.002648351714015007},"size":33.561195373535159,"orthographic":false}