{"cameraMode":{"drawMode":0,"name":"Shaded","section":"Shading Mode"},"sceneLighting":false,"audioPlay":false,"sceneViewState":{"showFog":true,"showMaterialUpdate":false,"showSkybox":true,"showFlares":true,"showImageEffects":true,"showParticleSystems":true},"in2DMode":false,"pivot":{"x":0.45562171936035159,"y":-1.5011615753173829,"z":-6.350452423095703},"rotation":{"x":-0.07422861456871033,"y":0.9176868200302124,"z":-0.33227548003196719,"w":-0.20477774739265443},"size":12.12845516204834,"orthographic":false}