{"cameraMode":{"drawMode":0,"name":"Shaded","section":"Shading Mode"},"sceneLighting":false,"audioPlay":false,"sceneViewState":{"showFog":true,"showMaterialUpdate":false,"showSkybox":true,"showFlares":true,"showImageEffects":true,"showParticleSystems":true},"in2DMode":false,"pivot":{"x":28.350000381469728,"y":-5.5,"z":107.94602966308594},"rotation":{"x":0.07853364199399948,"y":-0.9144010543823242,"z":0.2147635966539383,"w":0.33403581380844118},"size":2.1715714931488039,"orthographic":false}