{"cameraMode":{"drawMode":0,"name":"Shaded","section":"Shading Mode"},"sceneLighting":false,"audioPlay":false,"sceneViewState":{"showFog":true,"showMaterialUpdate":false,"showSkybox":true,"showFlares":true,"showImageEffects":true,"showParticleSystems":true},"in2DMode":false,"pivot":{"x":-19.83177947998047,"y":-13.775320053100586,"z":120.2782211303711},"rotation":{"x":0.6195296049118042,"y":-0.16893233358860017,"z":0.13892126083374024,"w":0.7538872361183167},"size":12.32433032989502,"orthographic":false}