{"cameraMode":{"drawMode":0,"name":"Shaded","section":"Shading Mode"},"sceneLighting":false,"audioPlay":false,"sceneViewState":{"showFog":true,"showMaterialUpdate":false,"showSkybox":true,"showFlares":true,"showImageEffects":true,"showParticleSystems":true},"in2DMode":false,"pivot":{"x":19.030000686645509,"y":-6.022942543029785,"z":112.5},"rotation":{"x":-0.0015108410734683276,"y":-0.9866634011268616,"z":0.16248266398906709,"w":-0.009620525874197483},"size":9.181014060974121,"orthographic":false}